:START_ID,:END_ID,:TYPE,source_file,evidence
大熊猫,金丝猴,RELATED_TO,D:\anyclaw\docs\熊猫知识\【熊猫知识】伴生动物 - 成都大熊猫繁育研究基地.md,大熊猫的伴生动物有金丝猴，小熊猫，林麝、羚牛、血雉，红腹锦鸡等。
大熊猫,小熊猫,RELATED_TO,D:\anyclaw\docs\熊猫知识\【熊猫知识】伴生动物 - 成都大熊猫繁育研究基地.md,大熊猫的伴生动物有金丝猴，小熊猫，林麝、羚牛、血雉，红腹锦鸡等。
大熊猫,林麝,RELATED_TO,D:\anyclaw\docs\熊猫知识\【熊猫知识】伴生动物 - 成都大熊猫繁育研究基地.md,大熊猫的伴生动物有金丝猴，小熊猫，林麝、羚牛、血雉，红腹锦鸡等。
大熊猫,羚牛,RELATED_TO,D:\anyclaw\docs\熊猫知识\【熊猫知识】伴生动物 - 成都大熊猫繁育研究基地.md,大熊猫的伴生动物有金丝猴，小熊猫，林麝、羚牛、血雉，红腹锦鸡等。
大熊猫,血雉,RELATED_TO,D:\anyclaw\docs\熊猫知识\【熊猫知识】伴生动物 - 成都大熊猫繁育研究基地.md,大熊猫的伴生动物有金丝猴，小熊猫，林麝、羚牛、血雉，红腹锦鸡等。
大熊猫,红腹锦鸡,RELATED_TO,D:\anyclaw\docs\熊猫知识\【熊猫知识】伴生动物 - 成都大熊猫繁育研究基地.md,大熊猫的伴生动物有金丝猴，小熊猫，林麝、羚牛、血雉，红腹锦鸡等。
大熊猫,金猫,RELATED_TO,D:\anyclaw\docs\熊猫知识\【熊猫知识】伴生动物 - 成都大熊猫繁育研究基地.md,尽管大熊猫与世无争，但在它的栖息领域里，还是有一些与它们为敌的动物，如金猫、豹、豺、狼、黄喉貂等，但这些动物通常只袭击大熊猫中的幼仔和病弱年老者……
大熊猫,豹,RELATED_TO,D:\anyclaw\docs\熊猫知识\【熊猫知识】伴生动物 - 成都大熊猫繁育研究基地.md,尽管大熊猫与世无争，但在它的栖息领域里，还是有一些与它们为敌的动物，如金猫、豹、豺、狼、黄喉貂等，但这些动物通常只袭击大熊猫中的幼仔和病弱年老者……
大熊猫,豺,RELATED_TO,D:\anyclaw\docs\熊猫知识\【熊猫知识】伴生动物 - 成都大熊猫繁育研究基地.md,尽管大熊猫与世无争，但在它的栖息领域里，还是有一些与它们为敌的动物，如金猫、豹、豺、狼、黄喉貂等，但这些动物通常只袭击大熊猫中的幼仔和病弱年老者……
大熊猫,狼,RELATED_TO,D:\anyclaw\docs\熊猫知识\【熊猫知识】伴生动物 - 成都大熊猫繁育研究基地.md,尽管大熊猫与世无争，但在它的栖息领域里，还是有一些与它们为敌的动物，如金猫、豹、豺、狼、黄喉貂等，但这些动物通常只袭击大熊猫中的幼仔和病弱年老者……
大熊猫,黄喉貂,RELATED_TO,D:\anyclaw\docs\熊猫知识\【熊猫知识】伴生动物 - 成都大熊猫繁育研究基地.md,尽管大熊猫与世无争，但在它的栖息领域里，还是有一些与它们为敌的动物，如金猫、豹、豺、狼、黄喉貂等，但这些动物通常只袭击大熊猫中的幼仔和病弱年老者……
大熊猫,我国西南高山深谷,RELATED_TO,D:\anyclaw\docs\熊猫知识\【熊猫知识】伴生动物 - 成都大熊猫繁育研究基地.md,这些珍贵动物基本上都与熊猫生活在同一环境中。……她们都有效地借助于我国西南高山深谷的有利地形而幸存至今。
金丝猴,我国西南高山深谷,RELATED_TO,D:\anyclaw\docs\熊猫知识\【熊猫知识】伴生动物 - 成都大熊猫繁育研究基地.md,这些珍贵动物基本上都与熊猫生活在同一环境中。……她们都有效地借助于我国西南高山深谷的有利地形而幸存至今。
小熊猫,我国西南高山深谷,RELATED_TO,D:\anyclaw\docs\熊猫知识\【熊猫知识】伴生动物 - 成都大熊猫繁育研究基地.md,这些珍贵动物基本上都与熊猫生活在同一环境中。……她们都有效地借助于我国西南高山深谷的有利地形而幸存至今。
林麝,我国西南高山深谷,RELATED_TO,D:\anyclaw\docs\熊猫知识\【熊猫知识】伴生动物 - 成都大熊猫繁育研究基地.md,这些珍贵动物基本上都与熊猫生活在同一环境中。……她们都有效地借助于我国西南高山深谷的有利地形而幸存至今。
羚牛,我国西南高山深谷,RELATED_TO,D:\anyclaw\docs\熊猫知识\【熊猫知识】伴生动物 - 成都大熊猫繁育研究基地.md,这些珍贵动物基本上都与熊猫生活在同一环境中。……她们都有效地借助于我国西南高山深谷的有利地形而幸存至今。
血雉,我国西南高山深谷,RELATED_TO,D:\anyclaw\docs\熊猫知识\【熊猫知识】伴生动物 - 成都大熊猫繁育研究基地.md,这些珍贵动物基本上都与熊猫生活在同一环境中。……她们都有效地借助于我国西南高山深谷的有利地形而幸存至今。
红腹锦鸡,我国西南高山深谷,RELATED_TO,D:\anyclaw\docs\熊猫知识\【熊猫知识】伴生动物 - 成都大熊猫繁育研究基地.md,这些珍贵动物基本上都与熊猫生活在同一环境中。……她们都有效地借助于我国西南高山深谷的有利地形而幸存至今。
大熊猫,10毫米,RELATED_TO,D:\anyclaw\docs\熊猫知识\【熊猫知识】外形特征 - 成都大熊猫繁育研究基地.md,大熊猫皮肤厚，最厚处可达10毫米。
大熊猫,体背部厚于腹侧,RELATED_TO,D:\anyclaw\docs\熊猫知识\【熊猫知识】外形特征 - 成都大熊猫繁育研究基地.md,身体不同部分的皮肤厚度也不一样，体背部厚于腹侧，体外侧厚于体内侧，皮肤的平均厚度约为5mm。
大熊猫,体外侧厚于体内侧,RELATED_TO,D:\anyclaw\docs\熊猫知识\【熊猫知识】外形特征 - 成都大熊猫繁育研究基地.md,身体不同部分的皮肤厚度也不一样，体背部厚于腹侧，体外侧厚于体内侧，皮肤的平均厚度约为5mm。
大熊猫,5mm,RELATED_TO,D:\anyclaw\docs\熊猫知识\【熊猫知识】外形特征 - 成都大熊猫繁育研究基地.md,身体不同部分的皮肤厚度也不一样，体背部厚于腹侧，体外侧厚于体内侧，皮肤的平均厚度约为5mm。
大熊猫,色白而富有弹性和韧性,RELATED_TO,D:\anyclaw\docs\熊猫知识\【熊猫知识】外形特征 - 成都大熊猫繁育研究基地.md,皮肤的平均厚度约为5mm，并且色白而富有弹性和韧性。
大熊猫,厚而粗糙的皮毛,RELATED_TO,D:\anyclaw\docs\熊猫知识\【熊猫知识】外形特征 - 成都大熊猫繁育研究基地.md,它们厚而粗糙的皮毛能帮助它们度过严冬。
厚而粗糙的皮毛,帮助度过严冬,RELATED_TO,D:\anyclaw\docs\熊猫知识\【熊猫知识】外形特征 - 成都大熊猫繁育研究基地.md,它们厚而粗糙的皮毛能帮助它们度过严冬。
黑白相间的外表,隐蔽在密林的树上和积雪的地面而不易被天敌发现,RELATED_TO,D:\anyclaw\docs\熊猫知识\【熊猫知识】外形特征 - 成都大熊猫繁育研究基地.md,黑白相间的外表，有利于隐蔽在密林的树上和积雪的地面而不易被天敌发现。
相对锋利的爪和发达有力的前后肢,快速爬上高大的乔木,RELATED_TO,D:\anyclaw\docs\熊猫知识\【熊猫知识】外形特征 - 成都大熊猫繁育研究基地.md,相对锋利的爪和发达有力的前后肢，有利于大熊猫能快速爬上高大的乔木。
大熊猫,不需要冬眠,RELATED_TO,D:\anyclaw\docs\熊猫知识\【熊猫知识】外形特征 - 成都大熊猫繁育研究基地.md,它们不需要冬眠，即使是寒冷的冬天，它们仍然在雪地里觅食。
大熊猫,在雪地里觅食,RELATED_TO,D:\anyclaw\docs\熊猫知识\【熊猫知识】外形特征 - 成都大熊猫繁育研究基地.md,它们不需要冬眠，即使是寒冷的冬天，它们仍然在雪地里觅食。
大熊猫,秦岭山系,RELATED_TO,D:\anyclaw\docs\熊猫知识\【熊猫知识】大熊猫分布和现状 - 成都大熊猫繁育研究基地.md,而现在我们只能在秦岭山系、岷山山系、邛崃山系、凉山和大、小相岭山系找到它们。
大熊猫,岷山山系,RELATED_TO,D:\anyclaw\docs\熊猫知识\【熊猫知识】大熊猫分布和现状 - 成都大熊猫繁育研究基地.md,而现在我们只能在秦岭山系、岷山山系、邛崃山系、凉山和大、小相岭山系找到它们。
大熊猫,邛崃山系,RELATED_TO,D:\anyclaw\docs\熊猫知识\【熊猫知识】大熊猫分布和现状 - 成都大熊猫繁育研究基地.md,而现在我们只能在秦岭山系、岷山山系、邛崃山系、凉山和大、小相岭山系找到它们。
大熊猫,凉山,RELATED_TO,D:\anyclaw\docs\熊猫知识\【熊猫知识】大熊猫分布和现状 - 成都大熊猫繁育研究基地.md,而现在我们只能在秦岭山系、岷山山系、邛崃山系、凉山和大、小相岭山系找到它们。
大熊猫,大相岭山系,RELATED_TO,D:\anyclaw\docs\熊猫知识\【熊猫知识】大熊猫分布和现状 - 成都大熊猫繁育研究基地.md,而现在我们只能在秦岭山系、岷山山系、邛崃山系、凉山和大、小相岭山系找到它们。
大熊猫,小相岭山系,RELATED_TO,D:\anyclaw\docs\熊猫知识\【熊猫知识】大熊猫分布和现状 - 成都大熊猫繁育研究基地.md,而现在我们只能在秦岭山系、岷山山系、邛崃山系、凉山和大、小相岭山系找到它们。
大熊猫,长江流域,RELATED_TO,D:\anyclaw\docs\熊猫知识\【熊猫知识】大熊猫分布和现状 - 成都大熊猫繁育研究基地.md,大熊猫曾广泛分布于中国长江、黄河和珠江三大流域，包括从北京附近周口店至两广以及附近的东南亚地区。
大熊猫,黄河流域,RELATED_TO,D:\anyclaw\docs\熊猫知识\【熊猫知识】大熊猫分布和现状 - 成都大熊猫繁育研究基地.md,大熊猫曾广泛分布于中国长江、黄河和珠江三大流域，包括从北京附近周口店至两广以及附近的东南亚地区。
大熊猫,珠江流域,RELATED_TO,D:\anyclaw\docs\熊猫知识\【熊猫知识】大熊猫分布和现状 - 成都大熊猫繁育研究基地.md,大熊猫曾广泛分布于中国长江、黄河和珠江三大流域，包括从北京附近周口店至两广以及附近的东南亚地区。
大熊猫,周口店,RELATED_TO,D:\anyclaw\docs\熊猫知识\【熊猫知识】大熊猫分布和现状 - 成都大熊猫繁育研究基地.md,大熊猫曾广泛分布于中国长江、黄河和珠江三大流域，包括从北京附近周口店至两广以及附近的东南亚地区。
大熊猫,四川,RELATED_TO,D:\anyclaw\docs\熊猫知识\【熊猫知识】大熊猫分布和现状 - 成都大熊猫繁育研究基地.md,栖息地横跨川、陕、甘3省的49个县，栖息地面积258万公顷。
大熊猫,陕西,RELATED_TO,D:\anyclaw\docs\熊猫知识\【熊猫知识】大熊猫分布和现状 - 成都大熊猫繁育研究基地.md,栖息地横跨川、陕、甘3省的49个县，栖息地面积258万公顷。
大熊猫,甘肃,RELATED_TO,D:\anyclaw\docs\熊猫知识\【熊猫知识】大熊猫分布和现状 - 成都大熊猫繁育研究基地.md,栖息地横跨川、陕、甘3省的49个县，栖息地面积258万公顷。
大熊猫,49个县,RELATED_TO,D:\anyclaw\docs\熊猫知识\【熊猫知识】大熊猫分布和现状 - 成都大熊猫繁育研究基地.md,栖息地横跨川、陕、甘3省的49个县，栖息地面积258万公顷。
始熊猫,云南禄丰,RELATED_TO,D:\anyclaw\docs\熊猫知识\【熊猫知识】大熊猫历史 - 成都大熊猫繁育研究基地.md,迄今所发现的最古老大熊猫成员——始熊猫的化石出土于我国云南禄丰和元谋两地，地质年代约为800万年前中新世晚期。
始熊猫,云南元谋,RELATED_TO,D:\anyclaw\docs\熊猫知识\【熊猫知识】大熊猫历史 - 成都大熊猫繁育研究基地.md,迄今所发现的最古老大熊猫成员——始熊猫的化石出土于我国云南禄丰和元谋两地，地质年代约为800万年前中新世晚期。
始熊猫,800万年前,RELATED_TO,D:\anyclaw\docs\熊猫知识\【熊猫知识】大熊猫历史 - 成都大熊猫繁育研究基地.md,迄今所发现的最古老大熊猫成员——始熊猫的化石出土于我国云南禄丰和元谋两地，地质年代约为800万年前中新世晚期。
大熊猫,大熊猫,RELATED_TO,D:\anyclaw\docs\熊猫知识\【熊猫知识】大熊猫历史 - 成都大熊猫繁育研究基地.md,《书经》称貔，《毛诗》称白羆（p），《峨眉山志》称貔貅，《兽经》称貉，李时珍的《本草纲目》称貘，等等。
大熊猫,大熊猫,RELATED_TO,D:\anyclaw\docs\熊猫知识\【熊猫知识】大熊猫历史 - 成都大熊猫繁育研究基地.md,《书经》称貔，《毛诗》称白羆（p），《峨眉山志》称貔貅，《兽经》称貉，李时珍的《本草纲目》称貘，等等。
大熊猫,大熊猫,RELATED_TO,D:\anyclaw\docs\熊猫知识\【熊猫知识】大熊猫历史 - 成都大熊猫繁育研究基地.md,《书经》称貔，《毛诗》称白羆（p），《峨眉山志》称貔貅，《兽经》称貉，李时珍的《本草纲目》称貘，等等。
大熊猫,大熊猫,RELATED_TO,D:\anyclaw\docs\熊猫知识\【熊猫知识】大熊猫历史 - 成都大熊猫繁育研究基地.md,《书经》称貔，《毛诗》称白羆（p），《峨眉山志》称貔貅，《兽经》称貉，李时珍的《本草纲目》称貘，等等。
大熊猫,大熊猫,RELATED_TO,D:\anyclaw\docs\熊猫知识\【熊猫知识】大熊猫历史 - 成都大熊猫繁育研究基地.md,《书经》称貔，《毛诗》称白羆（p），《峨眉山志》称貔貅，《兽经》称貉，李时珍的《本草纲目》称貘，等等。
大熊猫,阿尔芒·戴维神父,RELATED_TO,D:\anyclaw\docs\熊猫知识\【熊猫知识】大熊猫历史 - 成都大熊猫繁育研究基地.md,1869年3月，法国博物学家阿尔芒·戴维神父（1826.9.7—1900.11.10），在四川雅安宝兴县的邓池沟（穆坪）教堂附近科学考察时，发现了当地人称为白熊、花熊的踪迹。
大熊猫,四川雅安宝兴县邓池沟,RELATED_TO,D:\anyclaw\docs\熊猫知识\【熊猫知识】大熊猫历史 - 成都大熊猫繁育研究基地.md,1869年3月，法国博物学家阿尔芒·戴维神父（1826.9.7—1900.11.10），在四川雅安宝兴县的邓池沟（穆坪）教堂附近科学考察时，发现了当地人称为白熊、花熊的踪迹。
大熊猫,四川雅安宝兴县穆坪,RELATED_TO,D:\anyclaw\docs\熊猫知识\【熊猫知识】大熊猫历史 - 成都大熊猫繁育研究基地.md,1869年3月，法国博物学家阿尔芒·戴维神父（1826.9.7—1900.11.10），在四川雅安宝兴县的邓池沟（穆坪）教堂附近科学考察时，发现了当地人称为白熊、花熊的踪迹。
大熊猫,1869年3月,RELATED_TO,D:\anyclaw\docs\熊猫知识\【熊猫知识】大熊猫历史 - 成都大熊猫繁育研究基地.md,1869年3月，法国博物学家阿尔芒·戴维神父（1826.9.7—1900.11.10），在四川雅安宝兴县的邓池沟（穆坪）教堂附近科学考察时，发现了当地人称为白熊、花熊的踪迹。
大熊猫,1869年4月1日,RELATED_TO,D:\anyclaw\docs\熊猫知识\【熊猫知识】大熊猫历史 - 成都大熊猫繁育研究基地.md,通过当地猎人的帮助，4月1日，他采集到白熊标本……
大熊猫,阿尔封斯·米勒·爱德华兹,RELATED_TO,D:\anyclaw\docs\熊猫知识\【熊猫知识】大熊猫历史 - 成都大熊猫繁育研究基地.md,他把标本和骨骼运到法国，经巴黎自然历史博物馆科学家阿尔封斯·米勒·爱德华兹鉴定，“黑白熊”是一个新物种，定名为“猫熊”……
大熊猫,法国,RELATED_TO,D:\anyclaw\docs\熊猫知识\【熊猫知识】大熊猫历史 - 成都大熊猫繁育研究基地.md,他把标本和骨骼运到法国，经巴黎自然历史博物馆科学家阿尔封斯·米勒·爱德华兹鉴定，“黑白熊”是一个新物种，定名为“猫熊”……
大熊猫,巴黎,RELATED_TO,D:\anyclaw\docs\熊猫知识\【熊猫知识】大熊猫历史 - 成都大熊猫繁育研究基地.md,他把标本和骨骼运到法国，经巴黎自然历史博物馆科学家阿尔封斯·米勒·爱德华兹鉴定，“黑白熊”是一个新物种，定名为“猫熊”……
大熊猫,李时珍,RELATED_TO,D:\anyclaw\docs\熊猫知识\【熊猫知识】大熊猫历史 - 成都大熊猫繁育研究基地.md,《书经》称貔，《毛诗》称白羆（p），《峨眉山志》称貔貅，《兽经》称貉，李时珍的《本草纲目》称貘，等等。
大熊猫,大熊猫,RELATED_TO,D:\anyclaw\docs\熊猫知识\【熊猫知识】大熊猫历史 - 成都大熊猫繁育研究基地.md,1869年3月，法国博物学家阿尔芒·戴维神父（1826.9.7—1900.11.10），在四川雅安宝兴县的邓池沟（穆坪）教堂附近科学考察时，发现了当地人称为白熊、花熊的踪迹。
大熊猫,大熊猫,RELATED_TO,D:\anyclaw\docs\熊猫知识\【熊猫知识】大熊猫历史 - 成都大熊猫繁育研究基地.md,1869年3月，法国博物学家阿尔芒·戴维神父（1826.9.7—1900.11.10），在四川雅安宝兴县的邓池沟（穆坪）教堂附近科学考察时，发现了当地人称为白熊、花熊的踪迹。
大熊猫,大熊猫,RELATED_TO,D:\anyclaw\docs\熊猫知识\【熊猫知识】大熊猫历史 - 成都大熊猫繁育研究基地.md,他把标本和骨骼运到法国，经巴黎自然历史博物馆科学家阿尔封斯·米勒·爱德华兹鉴定，“黑白熊”是一个新物种，定名为“猫熊”……
初生熊猫幼仔,体重,RELATED_TO,D:\anyclaw\docs\熊猫知识\【熊猫知识】大熊猫生长发育 - 成都大熊猫繁育研究基地.md,刚出生：初生熊猫幼仔体重仅是它母亲体重的千分之一，平均体重仅120克左右，最轻的为51克，最重的为225克。
初生熊猫幼仔,粉色的皮肤,RELATED_TO,D:\anyclaw\docs\熊猫知识\【熊猫知识】大熊猫生长发育 - 成都大熊猫繁育研究基地.md,刚出生：粉色的皮肤上长着白毛，眼睛和耳朵还没有发育完全，免疫系统的也还未发育完善。
初生熊猫幼仔,白毛,RELATED_TO,D:\anyclaw\docs\熊猫知识\【熊猫知识】大熊猫生长发育 - 成都大熊猫繁育研究基地.md,刚出生：粉色的皮肤上长着白毛，眼睛和耳朵还没有发育完全，免疫系统的也还未发育完善。
初生熊猫幼仔,眼睛,RELATED_TO,D:\anyclaw\docs\熊猫知识\【熊猫知识】大熊猫生长发育 - 成都大熊猫繁育研究基地.md,刚出生：粉色的皮肤上长着白毛，眼睛和耳朵还没有发育完全，免疫系统的也还未发育完善。
初生熊猫幼仔,耳朵,RELATED_TO,D:\anyclaw\docs\熊猫知识\【熊猫知识】大熊猫生长发育 - 成都大熊猫繁育研究基地.md,刚出生：粉色的皮肤上长着白毛，眼睛和耳朵还没有发育完全，免疫系统的也还未发育完善。
初生熊猫幼仔,免疫系统,RELATED_TO,D:\anyclaw\docs\熊猫知识\【熊猫知识】大熊猫生长发育 - 成都大熊猫繁育研究基地.md,刚出生：粉色的皮肤上长着白毛，眼睛和耳朵还没有发育完全，免疫系统的也还未发育完善。
大熊猫幼仔（一到两周龄）,肩带,RELATED_TO,D:\anyclaw\docs\熊猫知识\【熊猫知识】大熊猫生长发育 - 成都大熊猫繁育研究基地.md,一到两周：肩带、四肢和耳朵渐渐变黑。
大熊猫幼仔（一到两周龄）,四肢,RELATED_TO,D:\anyclaw\docs\熊猫知识\【熊猫知识】大熊猫生长发育 - 成都大熊猫繁育研究基地.md,一到两周：肩带、四肢和耳朵渐渐变黑。
大熊猫幼仔（一到两周龄）,耳朵,RELATED_TO,D:\anyclaw\docs\熊猫知识\【熊猫知识】大熊猫生长发育 - 成都大熊猫繁育研究基地.md,一到两周：肩带、四肢和耳朵渐渐变黑。
大熊猫幼仔（一月龄）,黑白相间的毛,RELATED_TO,D:\anyclaw\docs\熊猫知识\【熊猫知识】大熊猫生长发育 - 成都大熊猫繁育研究基地.md,一个月：长出黑白相间的毛，变得更像妈妈了。
大熊猫幼仔（六到八周龄）,睁眼,RELATED_TO,D:\anyclaw\docs\熊猫知识\【熊猫知识】大熊猫生长发育 - 成都大熊猫繁育研究基地.md,六到八周：可以睁眼。
大熊猫幼仔（三月龄）,爬动,RELATED_TO,D:\anyclaw\docs\熊猫知识\【熊猫知识】大熊猫生长发育 - 成都大熊猫繁育研究基地.md,三个月：可以慢慢的爬动了。
大熊猫幼仔（半岁）,行走,RELATED_TO,D:\anyclaw\docs\熊猫知识\【熊猫知识】大熊猫生长发育 - 成都大熊猫繁育研究基地.md,半岁：可以自由行走，开始学吃竹子。
大熊猫幼仔（半岁）,学吃竹子,RELATED_TO,D:\anyclaw\docs\熊猫知识\【熊猫知识】大熊猫生长发育 - 成都大熊猫繁育研究基地.md,半岁：可以自由行走，开始学吃竹子。
大熊猫（一岁）,恒牙,RELATED_TO,D:\anyclaw\docs\熊猫知识\【熊猫知识】大熊猫生长发育 - 成都大熊猫繁育研究基地.md,一岁：开始长出恒牙。
亚成年大熊猫,奶,RELATED_TO,D:\anyclaw\docs\熊猫知识\【熊猫知识】大熊猫生长发育 - 成都大熊猫繁育研究基地.md,亚成年：一岁半到性成熟前为亚成年阶段……这一阶段大熊猫的食物从营养丰富的奶为主逐渐过渡到以高纤维、低营养的竹类为主。
亚成年大熊猫,竹类,RELATED_TO,D:\anyclaw\docs\熊猫知识\【熊猫知识】大熊猫生长发育 - 成都大熊猫繁育研究基地.md,亚成年：一岁半到性成熟前为亚成年阶段……这一阶段大熊猫的食物从营养丰富的奶为主逐渐过渡到以高纤维、低营养的竹类为主。
大熊猫（1~3岁）,采食,RELATED_TO,D:\anyclaw\docs\熊猫知识\【熊猫知识】大熊猫生长发育 - 成都大熊猫繁育研究基地.md,亚成年：……大熊猫在1~3岁期间是最为活跃的时期，每天除了采食外，大部分时间都在玩耍、探索和爬树。
大熊猫（1~3岁）,玩耍,RELATED_TO,D:\anyclaw\docs\熊猫知识\【熊猫知识】大熊猫生长发育 - 成都大熊猫繁育研究基地.md,亚成年：……大熊猫在1~3岁期间是最为活跃的时期，每天除了采食外，大部分时间都在玩耍、探索和爬树。
大熊猫（1~3岁）,探索,RELATED_TO,D:\anyclaw\docs\熊猫知识\【熊猫知识】大熊猫生长发育 - 成都大熊猫繁育研究基地.md,亚成年：……大熊猫在1~3岁期间是最为活跃的时期，每天除了采食外，大部分时间都在玩耍、探索和爬树。
大熊猫（1~3岁）,爬树,RELATED_TO,D:\anyclaw\docs\熊猫知识\【熊猫知识】大熊猫生长发育 - 成都大熊猫繁育研究基地.md,亚成年：……大熊猫在1~3岁期间是最为活跃的时期，每天除了采食外，大部分时间都在玩耍、探索和爬树。
成年大熊猫,体长,RELATED_TO,D:\anyclaw\docs\熊猫知识\【熊猫知识】大熊猫生长发育 - 成都大熊猫繁育研究基地.md,成年：体长约160~180厘米，体重约80~150公斤。
成年大熊猫,体重,RELATED_TO,D:\anyclaw\docs\熊猫知识\【熊猫知识】大熊猫生长发育 - 成都大熊猫繁育研究基地.md,成年：体长约160~180厘米，体重约80~150公斤。
大熊猫,金丝猴,RELATED_TO,D:\anyclaw\docs\熊猫知识\【熊猫知识】大熊猫的朋友 - 成都大熊猫繁育研究基地.md,熊猫的近邻主要有金丝猴、扭角羚、小熊猫、毛冠鹿等。这些珍贵动物基本上都与熊猫生活在同一环境中。
大熊猫,扭角羚,RELATED_TO,D:\anyclaw\docs\熊猫知识\【熊猫知识】大熊猫的朋友 - 成都大熊猫繁育研究基地.md,熊猫的近邻主要有金丝猴、扭角羚、小熊猫、毛冠鹿等。这些珍贵动物基本上都与熊猫生活在同一环境中。
大熊猫,小熊猫,RELATED_TO,D:\anyclaw\docs\熊猫知识\【熊猫知识】大熊猫的朋友 - 成都大熊猫繁育研究基地.md,熊猫的近邻主要有金丝猴、扭角羚、小熊猫、毛冠鹿等。这些珍贵动物基本上都与熊猫生活在同一环境中。
大熊猫,毛冠鹿,RELATED_TO,D:\anyclaw\docs\熊猫知识\【熊猫知识】大熊猫的朋友 - 成都大熊猫繁育研究基地.md,熊猫的近邻主要有金丝猴、扭角羚、小熊猫、毛冠鹿等。这些珍贵动物基本上都与熊猫生活在同一环境中。
大熊猫,高山深谷,RELATED_TO,D:\anyclaw\docs\熊猫知识\【熊猫知识】大熊猫的朋友 - 成都大熊猫繁育研究基地.md,它们都是一百万到几百万年以前的古老动物。……有效地借助于我国西南高山深谷的有利地形而幸存至今。
大熊猫,同一区域,RELATED_TO,D:\anyclaw\docs\熊猫知识\【熊猫知识】大熊猫的朋友 - 成都大熊猫繁育研究基地.md,它们通过长期共存，协调地共同生活于同一区域……组成一个较为稳定的动物群。
大熊猫,郁郁葱葱的树冠,RELATED_TO,D:\anyclaw\docs\熊猫知识\【熊猫知识】大熊猫的朋友 - 成都大熊猫繁育研究基地.md,金丝猴……在熊猫家园里所占有的空间主要是在郁郁葱葱的树冠以及树的幼芽嫩叶……
大熊猫,森林,RELATED_TO,D:\anyclaw\docs\熊猫知识\【熊猫知识】大熊猫的朋友 - 成都大熊猫繁育研究基地.md,羚牛……是森林、灌丛和草甸之间的游民。
大熊猫,灌丛,RELATED_TO,D:\anyclaw\docs\熊猫知识\【熊猫知识】大熊猫的朋友 - 成都大熊猫繁育研究基地.md,羚牛……是森林、灌丛和草甸之间的游民。
大熊猫,草甸,RELATED_TO,D:\anyclaw\docs\熊猫知识\【熊猫知识】大熊猫的朋友 - 成都大熊猫繁育研究基地.md,羚牛……是森林、灌丛和草甸之间的游民。
大熊猫,密林,RELATED_TO,D:\anyclaw\docs\熊猫知识\【熊猫知识】大熊猫的朋友 - 成都大熊猫繁育研究基地.md,毛冠鹿是密林和竹丛中以草类为食的君子……
大熊猫,竹丛,RELATED_TO,D:\anyclaw\docs\熊猫知识\【熊猫知识】大熊猫的朋友 - 成都大熊猫繁育研究基地.md,毛冠鹿是密林和竹丛中以草类为食的君子……
大熊猫,金丝猴,RELATED_TO,D:\anyclaw\docs\熊猫知识\【熊猫知识】大熊猫的朋友 - 成都大熊猫繁育研究基地.md,金丝猴……在一群猴中，常有几个雄性的放哨猴，如发现异常的情况，会发出警报声，猴群听到立即鸦雀无声，同时也给视觉差的熊猫，提供了警戒的情报。
大熊猫,高山,RELATED_TO,D:\anyclaw\docs\熊猫知识\【熊猫知识】气味标记 - 成都大熊猫繁育研究基地.md,大熊猫常年生活在高山上茂密的薄雾弥漫的竹林里面、看不见彼此而造成的。
大熊猫,薄雾弥漫的竹林,RELATED_TO,D:\anyclaw\docs\熊猫知识\【熊猫知识】气味标记 - 成都大熊猫繁育研究基地.md,大熊猫常年生活在高山上茂密的薄雾弥漫的竹林里面、看不见彼此而造成的。
大熊猫,竹林,RELATED_TO,D:\anyclaw\docs\熊猫知识\【熊猫知识】气味标记 - 成都大熊猫繁育研究基地.md,大熊猫常年生活在高山上茂密的薄雾弥漫的竹林里面、看不见彼此而造成的。
大熊猫,竹林,RELATED_TO,D:\anyclaw\docs\熊猫知识\【熊猫知识】气味标记 - 成都大熊猫繁育研究基地.md,用气味来标记领土是大熊猫在竹林里保持和平的秘诀。
大熊猫,肛周腺体,RELATED_TO,D:\anyclaw\docs\熊猫知识\【熊猫知识】气味标记 - 成都大熊猫繁育研究基地.md,大熊猫将肛周腺体的分泌物涂在柱子、树桩、墙上、地上以及它们经常经过的地方。
大熊猫,分泌物,RELATED_TO,D:\anyclaw\docs\熊猫知识\【熊猫知识】气味标记 - 成都大熊猫繁育研究基地.md,大熊猫将肛周腺体的分泌物涂在柱子、树桩、墙上、地上以及它们经常经过的地方。
大熊猫,尿液,RELATED_TO,D:\anyclaw\docs\熊猫知识\【熊猫知识】气味标记 - 成都大熊猫繁育研究基地.md,大熊猫有好几种做标记的方式。它们经常用尿液，或尿液和肛周腺分泌物的混合来做标记。
大熊猫,消化道,RELATED_TO,D:\anyclaw\docs\熊猫知识\【熊猫知识】消化 - 成都大熊猫繁育研究基地.md,大熊猫的消化道保留了祖先的特性，与肉食类动物相似，如相对较短的消化道、锋利的犬齿、单室胃，没有盲肠以及相对锋利的爪和较发达的肉垫。
大熊猫,犬齿,RELATED_TO,D:\anyclaw\docs\熊猫知识\【熊猫知识】消化 - 成都大熊猫繁育研究基地.md,大熊猫的消化道保留了祖先的特性，与肉食类动物相似，如相对较短的消化道、锋利的犬齿、单室胃，没有盲肠以及相对锋利的爪和较发达的肉垫。
大熊猫,单室胃,RELATED_TO,D:\anyclaw\docs\熊猫知识\【熊猫知识】消化 - 成都大熊猫繁育研究基地.md,大熊猫的消化道保留了祖先的特性，与肉食类动物相似，如相对较短的消化道、锋利的犬齿、单室胃，没有盲肠以及相对锋利的爪和较发达的肉垫。
大熊猫,盲肠,RELATED_TO,D:\anyclaw\docs\熊猫知识\【熊猫知识】消化 - 成都大熊猫繁育研究基地.md,大熊猫的消化道保留了祖先的特性，与肉食类动物相似，如相对较短的消化道、锋利的犬齿、单室胃，没有盲肠以及相对锋利的爪和较发达的肉垫。
消化道,消化道长度短,RELATED_TO,D:\anyclaw\docs\熊猫知识\【熊猫知识】消化 - 成都大熊猫繁育研究基地.md,大熊猫5~13个小时就会排出粪便，马或牛的食物要在它们体内停留24小时。
大熊猫,内脏,RELATED_TO,D:\anyclaw\docs\熊猫知识\【熊猫知识】消化 - 成都大熊猫繁育研究基地.md,而且，它的内脏内缺乏微生物来帮助它消化食物里面粗糙的纤维素。
食物,纤维素,RELATED_TO,D:\anyclaw\docs\熊猫知识\【熊猫知识】消化 - 成都大熊猫繁育研究基地.md,而且，它的内脏内缺乏微生物来帮助它消化食物里面粗糙的纤维素。
大熊猫,竹叶,RELATED_TO,D:\anyclaw\docs\熊猫知识\【熊猫知识】消化 - 成都大熊猫繁育研究基地.md,为了弥补它们在消化系统方面的不足，大熊猫们练就了一种本事，在最短的时间内吃最多的食物。它们将竹叶存在嘴边，积聚到一定数量后再一起吃掉。
大熊猫,竹子最营养的部分,RELATED_TO,D:\anyclaw\docs\熊猫知识\【熊猫知识】消化 - 成都大熊猫繁育研究基地.md,而且，在这种急促的进食中，大熊猫只选择竹子最营养的部分。
大熊猫的适应性行为,急促进食,RELATED_TO,D:\anyclaw\docs\熊猫知识\【熊猫知识】消化 - 成都大熊猫繁育研究基地.md,为了弥补它们在消化系统方面的不足，大熊猫们练就了一种本事，在最短的时间内吃最多的食物。
大熊猫的能量节约策略,减少社会活动,RELATED_TO,D:\anyclaw\docs\熊猫知识\【熊猫知识】消化 - 成都大熊猫繁育研究基地.md,大熊猫为了节约能量，尽量减少社会活动，减小活动范围，缩短怀孕期。
大熊猫的能量节约策略,减小活动范围,RELATED_TO,D:\anyclaw\docs\熊猫知识\【熊猫知识】消化 - 成都大熊猫繁育研究基地.md,大熊猫为了节约能量，尽量减少社会活动，减小活动范围，缩短怀孕期。
大熊猫的能量节约策略,缩短怀孕期,RELATED_TO,D:\anyclaw\docs\熊猫知识\【熊猫知识】消化 - 成都大熊猫繁育研究基地.md,大熊猫为了节约能量，尽量减少社会活动，减小活动范围，缩短怀孕期。
茂密竹林,1600米至3500米,RELATED_TO,D:\anyclaw\docs\熊猫知识\【熊猫知识】生存环境 - 成都大熊猫繁育研究基地.md,大熊猫生活在海拔约1600米至3500米的茂密竹林里
茂密竹林,长江上游的高山深谷,RELATED_TO,D:\anyclaw\docs\熊猫知识\【熊猫知识】生存环境 - 成都大熊猫繁育研究基地.md,大熊猫生活在海拔约1600米至3500米的茂密竹林里，那里位于长江上游的高山深谷
长江上游的高山深谷,温凉潮湿,RELATED_TO,D:\anyclaw\docs\熊猫知识\【熊猫知识】生存环境 - 成都大熊猫繁育研究基地.md,常年空气稀薄，云雾缭绕，为东南季风的迎风面，气候温凉潮湿，湿度常在80%以上，气温低于20摄氏度
长江上游的高山深谷,空气稀薄,RELATED_TO,D:\anyclaw\docs\熊猫知识\【熊猫知识】生存环境 - 成都大熊猫繁育研究基地.md,常年空气稀薄，云雾缭绕，为东南季风的迎风面，气候温凉潮湿，湿度常在80%以上，气温低于20摄氏度
长江上游的高山深谷,云雾缭绕,RELATED_TO,D:\anyclaw\docs\熊猫知识\【熊猫知识】生存环境 - 成都大熊猫繁育研究基地.md,常年空气稀薄，云雾缭绕，为东南季风的迎风面，气候温凉潮湿，湿度常在80%以上，气温低于20摄氏度
长江上游的高山深谷,湿度常在80%以上,RELATED_TO,D:\anyclaw\docs\熊猫知识\【熊猫知识】生存环境 - 成都大熊猫繁育研究基地.md,常年空气稀薄，云雾缭绕，为东南季风的迎风面，气候温凉潮湿，湿度常在80%以上，气温低于20摄氏度
长江上游的高山深谷,气温低于20摄氏度,RELATED_TO,D:\anyclaw\docs\熊猫知识\【熊猫知识】生存环境 - 成都大熊猫繁育研究基地.md,常年空气稀薄，云雾缭绕，为东南季风的迎风面，气候温凉潮湿，湿度常在80%以上，气温低于20摄氏度
长江上游的高山深谷,东南季风的迎风面,RELATED_TO,D:\anyclaw\docs\熊猫知识\【熊猫知识】生存环境 - 成都大熊猫繁育研究基地.md,为东南季风的迎风面
大熊猫活动区域,坳沟,RELATED_TO,D:\anyclaw\docs\熊猫知识\【熊猫知识】生存环境 - 成都大熊猫繁育研究基地.md,大熊猫活动的区域多在坳沟、山腹洼地、河谷阶地等20以下的缓坡地形
大熊猫活动区域,山腹洼地,RELATED_TO,D:\anyclaw\docs\熊猫知识\【熊猫知识】生存环境 - 成都大熊猫繁育研究基地.md,大熊猫活动的区域多在坳沟、山腹洼地、河谷阶地等20以下的缓坡地形
大熊猫活动区域,河谷阶地,RELATED_TO,D:\anyclaw\docs\熊猫知识\【熊猫知识】生存环境 - 成都大熊猫繁育研究基地.md,大熊猫活动的区域多在坳沟、山腹洼地、河谷阶地等20以下的缓坡地形
大熊猫活动区域,缓坡地形,RELATED_TO,D:\anyclaw\docs\熊猫知识\【熊猫知识】生存环境 - 成都大熊猫繁育研究基地.md,大熊猫活动的区域多在坳沟、山腹洼地、河谷阶地等20以下的缓坡地形
大熊猫活动区域,森林,RELATED_TO,D:\anyclaw\docs\熊猫知识\【熊猫知识】生存环境 - 成都大熊猫繁育研究基地.md,这些地方森林茂盛，竹类生长良好
野外大熊猫分布,竹子,RELATED_TO,D:\anyclaw\docs\熊猫知识\【熊猫知识】生存环境 - 成都大熊猫繁育研究基地.md,竹子、地形、水源的分布，是否有藏身处和哺育幼仔的巢穴以及山势等因素也会影响野外大熊猫的分布和密度
野外大熊猫分布,地形,RELATED_TO,D:\anyclaw\docs\熊猫知识\【熊猫知识】生存环境 - 成都大熊猫繁育研究基地.md,竹子、地形、水源的分布，是否有藏身处和哺育幼仔的巢穴以及山势等因素也会影响野外大熊猫的分布和密度
野外大熊猫分布,水源,RELATED_TO,D:\anyclaw\docs\熊猫知识\【熊猫知识】生存环境 - 成都大熊猫繁育研究基地.md,竹子、地形、水源的分布，是否有藏身处和哺育幼仔的巢穴以及山势等因素也会影响野外大熊猫的分布和密度
野外大熊猫分布,山势,RELATED_TO,D:\anyclaw\docs\熊猫知识\【熊猫知识】生存环境 - 成都大熊猫繁育研究基地.md,竹子、地形、水源的分布，是否有藏身处和哺育幼仔的巢穴以及山势等因素也会影响野外大熊猫的分布和密度
熊猫犬瘟热病,犬瘟热病毒,RELATED_TO,D:\anyclaw\docs\熊猫知识\【熊猫知识】疾病 - 成都大熊猫繁育研究基地.md,由犬瘟热病毒引起的熊猫犬瘟热病
腹泻,大肠杆菌,RELATED_TO,D:\anyclaw\docs\熊猫知识\【熊猫知识】疾病 - 成都大熊猫繁育研究基地.md,由大肠杆菌引起的腹泻、出血性肠炎
出血性肠炎,大肠杆菌,RELATED_TO,D:\anyclaw\docs\熊猫知识\【熊猫知识】疾病 - 成都大熊猫繁育研究基地.md,由大肠杆菌引起的腹泻、出血性肠炎
细小病毒感染,细小病毒,RELATED_TO,D:\anyclaw\docs\熊猫知识\【熊猫知识】疾病 - 成都大熊猫繁育研究基地.md,由细小病毒感染
真菌感染,真菌,RELATED_TO,D:\anyclaw\docs\熊猫知识\【熊猫知识】疾病 - 成都大熊猫繁育研究基地.md,由真菌感染
急性胃肠炎,消化系统,RELATED_TO,D:\anyclaw\docs\熊猫知识\【熊猫知识】疾病 - 成都大熊猫繁育研究基地.md,消化系统疾病：急性胃肠炎、呕吐、腹泻、便血、口炎、龋齿、肠梗阻、肠扭转、胃及十二指肠溃疡、肝部病变等。
呕吐,消化系统,RELATED_TO,D:\anyclaw\docs\熊猫知识\【熊猫知识】疾病 - 成都大熊猫繁育研究基地.md,消化系统疾病：急性胃肠炎、呕吐、腹泻、便血、口炎、龋齿、肠梗阻、肠扭转、胃及十二指肠溃疡、肝部病变等。
腹泻,消化系统,RELATED_TO,D:\anyclaw\docs\熊猫知识\【熊猫知识】疾病 - 成都大熊猫繁育研究基地.md,消化系统疾病：急性胃肠炎、呕吐、腹泻、便血、口炎、龋齿、肠梗阻、肠扭转、胃及十二指肠溃疡、肝部病变等。
便血,消化系统,RELATED_TO,D:\anyclaw\docs\熊猫知识\【熊猫知识】疾病 - 成都大熊猫繁育研究基地.md,消化系统疾病：急性胃肠炎、呕吐、腹泻、便血、口炎、龋齿、肠梗阻、肠扭转、胃及十二指肠溃疡、肝部病变等。
口炎,消化系统,RELATED_TO,D:\anyclaw\docs\熊猫知识\【熊猫知识】疾病 - 成都大熊猫繁育研究基地.md,消化系统疾病：急性胃肠炎、呕吐、腹泻、便血、口炎、龋齿、肠梗阻、肠扭转、胃及十二指肠溃疡、肝部病变等。
龋齿,消化系统,RELATED_TO,D:\anyclaw\docs\熊猫知识\【熊猫知识】疾病 - 成都大熊猫繁育研究基地.md,消化系统疾病：急性胃肠炎、呕吐、腹泻、便血、口炎、龋齿、肠梗阻、肠扭转、胃及十二指肠溃疡、肝部病变等。
肠梗阻,消化系统,RELATED_TO,D:\anyclaw\docs\熊猫知识\【熊猫知识】疾病 - 成都大熊猫繁育研究基地.md,消化系统疾病：急性胃肠炎、呕吐、腹泻、便血、口炎、龋齿、肠梗阻、肠扭转、胃及十二指肠溃疡、肝部病变等。
肠扭转,消化系统,RELATED_TO,D:\anyclaw\docs\熊猫知识\【熊猫知识】疾病 - 成都大熊猫繁育研究基地.md,消化系统疾病：急性胃肠炎、呕吐、腹泻、便血、口炎、龋齿、肠梗阻、肠扭转、胃及十二指肠溃疡、肝部病变等。
胃及十二指肠溃疡,消化系统,RELATED_TO,D:\anyclaw\docs\熊猫知识\【熊猫知识】疾病 - 成都大熊猫繁育研究基地.md,消化系统疾病：急性胃肠炎、呕吐、腹泻、便血、口炎、龋齿、肠梗阻、肠扭转、胃及十二指肠溃疡、肝部病变等。
肝部病变,消化系统,RELATED_TO,D:\anyclaw\docs\熊猫知识\【熊猫知识】疾病 - 成都大熊猫繁育研究基地.md,消化系统疾病：急性胃肠炎、呕吐、腹泻、便血、口炎、龋齿、肠梗阻、肠扭转、胃及十二指肠溃疡、肝部病变等。
感冒,呼吸系统,RELATED_TO,D:\anyclaw\docs\熊猫知识\【熊猫知识】疾病 - 成都大熊猫繁育研究基地.md,呼吸系统疾病：感冒、支气管炎、肺炎等
支气管炎,呼吸系统,RELATED_TO,D:\anyclaw\docs\熊猫知识\【熊猫知识】疾病 - 成都大熊猫繁育研究基地.md,呼吸系统疾病：感冒、支气管炎、肺炎等
肺炎,呼吸系统,RELATED_TO,D:\anyclaw\docs\熊猫知识\【熊猫知识】疾病 - 成都大熊猫繁育研究基地.md,呼吸系统疾病：感冒、支气管炎、肺炎等
肾炎,泌尿系统,RELATED_TO,D:\anyclaw\docs\熊猫知识\【熊猫知识】疾病 - 成都大熊猫繁育研究基地.md,泌尿系统疾病：肾炎、肾衰竭
肾衰竭,泌尿系统,RELATED_TO,D:\anyclaw\docs\熊猫知识\【熊猫知识】疾病 - 成都大熊猫繁育研究基地.md,泌尿系统疾病：肾炎、肾衰竭
癫痫病,神经系统,RELATED_TO,D:\anyclaw\docs\熊猫知识\【熊猫知识】疾病 - 成都大熊猫繁育研究基地.md,神经系统疾病：癫痫病
营养不良综合征,营养代谢,RELATED_TO,D:\anyclaw\docs\熊猫知识\【熊猫知识】疾病 - 成都大熊猫繁育研究基地.md,营养代谢：营养不良综合征、腹水、低血糖、糖尿病、甲状腺功能减退、过敏、中暑
腹水,营养代谢,RELATED_TO,D:\anyclaw\docs\熊猫知识\【熊猫知识】疾病 - 成都大熊猫繁育研究基地.md,营养代谢：营养不良综合征、腹水、低血糖、糖尿病、甲状腺功能减退、过敏、中暑
低血糖,营养代谢,RELATED_TO,D:\anyclaw\docs\熊猫知识\【熊猫知识】疾病 - 成都大熊猫繁育研究基地.md,营养代谢：营养不良综合征、腹水、低血糖、糖尿病、甲状腺功能减退、过敏、中暑
糖尿病,营养代谢,RELATED_TO,D:\anyclaw\docs\熊猫知识\【熊猫知识】疾病 - 成都大熊猫繁育研究基地.md,营养代谢：营养不良综合征、腹水、低血糖、糖尿病、甲状腺功能减退、过敏、中暑
甲状腺功能减退,营养代谢,RELATED_TO,D:\anyclaw\docs\熊猫知识\【熊猫知识】疾病 - 成都大熊猫繁育研究基地.md,营养代谢：营养不良综合征、腹水、低血糖、糖尿病、甲状腺功能减退、过敏、中暑
过敏,营养代谢,RELATED_TO,D:\anyclaw\docs\熊猫知识\【熊猫知识】疾病 - 成都大熊猫繁育研究基地.md,营养代谢：营养不良综合征、腹水、低血糖、糖尿病、甲状腺功能减退、过敏、中暑
中暑,营养代谢,RELATED_TO,D:\anyclaw\docs\熊猫知识\【熊猫知识】疾病 - 成都大熊猫繁育研究基地.md,营养代谢：营养不良综合征、腹水、低血糖、糖尿病、甲状腺功能减退、过敏、中暑
溶血性贫血,造血系统,RELATED_TO,D:\anyclaw\docs\熊猫知识\【熊猫知识】疾病 - 成都大熊猫繁育研究基地.md,造血系统疾病：溶血性贫血、心包炎、动脉硬化
心包炎,造血系统,RELATED_TO,D:\anyclaw\docs\熊猫知识\【熊猫知识】疾病 - 成都大熊猫繁育研究基地.md,造血系统疾病：溶血性贫血、心包炎、动脉硬化
动脉硬化,造血系统,RELATED_TO,D:\anyclaw\docs\熊猫知识\【熊猫知识】疾病 - 成都大熊猫繁育研究基地.md,造血系统疾病：溶血性贫血、心包炎、动脉硬化
大熊猫,隔年产子,RELATED_TO,D:\anyclaw\docs\熊猫知识\【熊猫知识】育幼生长 - 成都大熊猫繁育研究基地.md,大熊猫在育幼期间不会再繁殖，所以大熊猫一般是隔年产子。
大熊猫幼仔,学习行为技能,RELATED_TO,D:\anyclaw\docs\熊猫知识\【熊猫知识】育幼生长 - 成都大熊猫繁育研究基地.md,大熊猫幼仔能从它们的妈妈那里学到很多东西：比如怎样寻找食物和水源，怎样躲避天敌，抵御疾病，怎样谈情说爱，生儿育女，怎样成为一只真正的大熊猫。
大熊猫幼仔,树洞,RELATED_TO,D:\anyclaw\docs\熊猫知识\【熊猫知识】育幼生长 - 成都大熊猫繁育研究基地.md,出生的巢穴通常是一个隐蔽的树洞，或天然的岩洞，里面有大熊猫妈妈精心铺垫的树枝和干草。
大熊猫幼仔,岩洞,RELATED_TO,D:\anyclaw\docs\熊猫知识\【熊猫知识】育幼生长 - 成都大熊猫繁育研究基地.md,出生的巢穴通常是一个隐蔽的树洞，或天然的岩洞，里面有大熊猫妈妈精心铺垫的树枝和干草。
大熊猫妈妈,忽视或拒绝较弱幼仔,RELATED_TO,D:\anyclaw\docs\熊猫知识\【熊猫知识】育幼生长 - 成都大熊猫繁育研究基地.md,在野外，如果出生的是双胞胎……大熊猫妈妈通常会忽视或拒绝较弱的一个
圈养大熊猫双胞胎育幼,换仔技术,RELATED_TO,D:\anyclaw\docs\熊猫知识\【熊猫知识】育幼生长 - 成都大熊猫繁育研究基地.md,在圈养情况下会通过人工饲养并采用换仔技术，让两个宝宝都有吃母乳和从妈妈身上学习行为技能的机会
大熊猫幼仔,一岁半,RELATED_TO,D:\anyclaw\docs\熊猫知识\【熊猫知识】育幼生长 - 成都大熊猫繁育研究基地.md,一岁半：离开母亲，独立生活。
大熊猫,一岁半前,RELATED_TO,D:\anyclaw\docs\熊猫知识\【熊猫知识】育幼生长 - 成都大熊猫繁育研究基地.md,幼年：一岁半前为幼年阶段。
大熊猫,一岁半到性成熟前,RELATED_TO,D:\anyclaw\docs\熊猫知识\【熊猫知识】育幼生长 - 成都大熊猫繁育研究基地.md,亚成年：一岁半到性成熟前为亚成年阶段
大熊猫,性成熟后,RELATED_TO,D:\anyclaw\docs\熊猫知识\【熊猫知识】育幼生长 - 成都大熊猫繁育研究基地.md,成年：性成熟后为成年阶段。
大熊猫,栖息地,RELATED_TO,D:\anyclaw\docs\熊猫知识\【熊猫知识】致危因素 - 成都大熊猫繁育研究基地.md,大熊猫的分布区及种群数量日益缩减，最重要的原因是栖息地大量丧失，而且高度破碎（即相互隔离成孤岛状）。
大熊猫栖息地,森林,RELATED_TO,D:\anyclaw\docs\熊猫知识\【熊猫知识】致危因素 - 成都大熊猫繁育研究基地.md,栖息地丧失的原因又在于人口数量激增，过度消费，农业垦殖所引起的大片森林和竹林的毁灭，以及人们修筑公路，观光旅游等活动。
大熊猫栖息地,竹林,RELATED_TO,D:\anyclaw\docs\熊猫知识\【熊猫知识】致危因素 - 成都大熊猫繁育研究基地.md,栖息地丧失的原因又在于人口数量激增，过度消费，农业垦殖所引起的大片森林和竹林的毁灭，以及人们修筑公路，观光旅游等活动。
大熊猫栖息地,农业垦殖,RELATED_TO,D:\anyclaw\docs\熊猫知识\【熊猫知识】致危因素 - 成都大熊猫繁育研究基地.md,而栖息地丧失的原因又在于人口数量激增，过度消费，农业垦殖所引起的大片森林和竹林的毁灭……
大熊猫栖息地,修筑公路,RELATED_TO,D:\anyclaw\docs\熊猫知识\【熊猫知识】致危因素 - 成都大熊猫繁育研究基地.md,而栖息地丧失的原因又在于人口数量激增，过度消费，农业垦殖所引起的大片森林和竹林的毁灭，以及人们修筑公路，观光旅游等活动。
大熊猫栖息地,观光旅游,RELATED_TO,D:\anyclaw\docs\熊猫知识\【熊猫知识】致危因素 - 成都大熊猫繁育研究基地.md,而栖息地丧失的原因又在于人口数量激增，过度消费，农业垦殖所引起的大片森林和竹林的毁灭，以及人们修筑公路，观光旅游等活动。
大熊猫,栖息地破碎化,RELATED_TO,D:\anyclaw\docs\熊猫知识\【熊猫知识】致危因素 - 成都大熊猫繁育研究基地.md,目前由于大熊猫栖息地极小且相互隔离，使得一旦竹子开花，而生活在“孤岛”上的大熊猫，就面临着缺少食物的困境。
大熊猫,走来走去,RELATED_TO,D:\anyclaw\docs\熊猫知识\【熊猫知识】行为富化 - 成都大熊猫繁育研究基地.md,大熊猫的刻板行为可能是在兽舍里不停地走来走去，摇晃脑袋等。
大熊猫,摇晃脑袋,RELATED_TO,D:\anyclaw\docs\熊猫知识\【熊猫知识】行为富化 - 成都大熊猫繁育研究基地.md,大熊猫的刻板行为可能是在兽舍里不停地走来走去，摇晃脑袋等。
刻板行为,野外,RELATED_TO,D:\anyclaw\docs\熊猫知识\【熊猫知识】行为富化 - 成都大熊猫繁育研究基地.md,刻板行为是野外没有，而在圈养条件下出现的，不属于该物种的一些重复、毫无意义的行为。
刻板行为,圈养条件,RELATED_TO,D:\anyclaw\docs\熊猫知识\【熊猫知识】行为富化 - 成都大熊猫繁育研究基地.md,刻板行为是野外没有，而在圈养条件下出现的，不属于该物种的一些重复、毫无意义的行为。
刻板行为,兽舍,RELATED_TO,D:\anyclaw\docs\熊猫知识\【熊猫知识】行为富化 - 成都大熊猫繁育研究基地.md,大熊猫的刻板行为可能是在兽舍里不停地走来走去，摇晃脑袋等。
刻板行为,环境丰容,RELATED_TO,D:\anyclaw\docs\熊猫知识\【熊猫知识】行为富化 - 成都大熊猫繁育研究基地.md,为了大熊猫的身体和心理健康，减少刻板行为，我们向它们提供了各种各样的环境丰容和行为丰容。
刻板行为,行为丰容,RELATED_TO,D:\anyclaw\docs\熊猫知识\【熊猫知识】行为富化 - 成都大熊猫繁育研究基地.md,为了大熊猫的身体和心理健康，减少刻板行为，我们向它们提供了各种各样的环境丰容和行为丰容。
环境丰容,圈养动物的生活环境,RELATED_TO,D:\anyclaw\docs\熊猫知识\【熊猫知识】行为富化 - 成都大熊猫繁育研究基地.md,丰容是指通过构建和改变圈养动物的生活环境，改进喂食策略，使动物表现出正常的行为……
环境丰容,正常的行为,RELATED_TO,D:\anyclaw\docs\熊猫知识\【熊猫知识】行为富化 - 成都大熊猫繁育研究基地.md,丰容是指通过构建和改变圈养动物的生活环境，改进喂食策略，使动物表现出正常的行为……
行为丰容,正常的行为,RELATED_TO,D:\anyclaw\docs\熊猫知识\【熊猫知识】行为富化 - 成都大熊猫繁育研究基地.md,丰容是指通过构建和改变圈养动物的生活环境，改进喂食策略，使动物表现出正常的行为……
大熊猫,睡觉,RELATED_TO,D:\anyclaw\docs\熊猫知识\【熊猫知识】行为特点 - 成都大熊猫繁育研究基地.md,大熊猫每天除去一半进食的时间，剩下的一半时间多数便是在睡梦中度过。
睡觉,野外,RELATED_TO,D:\anyclaw\docs\熊猫知识\【熊猫知识】行为特点 - 成都大熊猫繁育研究基地.md,在野外，大熊猫在每两次进食的中间睡2~4个小时，平躺、侧躺、俯卧、伸展或蜷成一团都是它们喜好的睡觉方式。
睡觉,进食,RELATED_TO,D:\anyclaw\docs\熊猫知识\【熊猫知识】行为特点 - 成都大熊猫繁育研究基地.md,在野外，大熊猫在每两次进食的中间睡2~4个小时，平躺、侧躺、俯卧、伸展或蜷成一团都是它们喜好的睡觉方式。
睡觉,爬树,RELATED_TO,D:\anyclaw\docs\熊猫知识\【熊猫知识】行为特点 - 成都大熊猫繁育研究基地.md,它们最喜欢的姿势便是腿撑在树上，并用手遮住眼睛。
大熊猫,行走,RELATED_TO,D:\anyclaw\docs\熊猫知识\【熊猫知识】行为特点 - 成都大熊猫繁育研究基地.md,大熊猫最可爱的特点是它那胖嘟嘟的身体和他那内八字慢吞吞的行走方式。
慢吞吞的行走方式,保存能量,RELATED_TO,D:\anyclaw\docs\熊猫知识\【熊猫知识】行为特点 - 成都大熊猫繁育研究基地.md,正是它这种慢吞吞的动作使它能够保存能量，以适应低能量的食物。
大熊猫,侦察情况,RELATED_TO,D:\anyclaw\docs\熊猫知识\【熊猫知识】行为特点 - 成都大熊猫繁育研究基地.md,它们有时候也会爬树侦察情况，逃避入侵者，或是打盹。
大熊猫,逃避入侵者,RELATED_TO,D:\anyclaw\docs\熊猫知识\【熊猫知识】行为特点 - 成都大熊猫繁育研究基地.md,它们有时候也会爬树侦察情况，逃避入侵者，或是打盹。
大熊猫,打盹,RELATED_TO,D:\anyclaw\docs\熊猫知识\【熊猫知识】行为特点 - 成都大熊猫繁育研究基地.md,它们有时候也会爬树侦察情况，逃避入侵者，或是打盹。
大熊猫,爬树,RELATED_TO,D:\anyclaw\docs\熊猫知识\【熊猫知识】行为特点 - 成都大熊猫繁育研究基地.md,大熊猫善于爬树，也爱嬉戏。
大熊猫,嬉戏,RELATED_TO,D:\anyclaw\docs\熊猫知识\【熊猫知识】行为特点 - 成都大熊猫繁育研究基地.md,大熊猫善于爬树，也爱嬉戏。
爬树,临近求婚期,RELATED_TO,D:\anyclaw\docs\熊猫知识\【熊猫知识】行为特点 - 成都大熊猫繁育研究基地.md,爬树的行为一般是临近求婚期，或逃避危险，或彼此相遇时弱者借以回避强者的一种方式。
爬树,逃避危险,RELATED_TO,D:\anyclaw\docs\熊猫知识\【熊猫知识】行为特点 - 成都大熊猫繁育研究基地.md,爬树的行为一般是临近求婚期，或逃避危险，或彼此相遇时弱者借以回避强者的一种方式。
爬树,回避强者,RELATED_TO,D:\anyclaw\docs\熊猫知识\【熊猫知识】行为特点 - 成都大熊猫繁育研究基地.md,爬树的行为一般是临近求婚期，或逃避危险，或彼此相遇时弱者借以回避强者的一种方式。
大熊猫,下到山谷,RELATED_TO,D:\anyclaw\docs\熊猫知识\【熊猫知识】行为特点 - 成都大熊猫繁育研究基地.md,熊猫有时还下到山谷，串入到山村小寨或住宅，把锅盆桶具，尤其是圆形的器皿当成玩具，玩耍后弃置山野。
大熊猫,串入山村小寨或住宅,RELATED_TO,D:\anyclaw\docs\熊猫知识\【熊猫知识】行为特点 - 成都大熊猫繁育研究基地.md,熊猫有时还下到山谷，串入到山村小寨或住宅，把锅盆桶具，尤其是圆形的器皿当成玩具，玩耍后弃置山野。
下到山谷,山谷,RELATED_TO,D:\anyclaw\docs\熊猫知识\【熊猫知识】行为特点 - 成都大熊猫繁育研究基地.md,熊猫有时还下到山谷，串入到山村小寨或住宅，把锅盆桶具，尤其是圆形的器皿当成玩具，玩耍后弃置山野。
串入山村小寨或住宅,山村小寨,RELATED_TO,D:\anyclaw\docs\熊猫知识\【熊猫知识】行为特点 - 成都大熊猫繁育研究基地.md,熊猫有时还下到山谷，串入到山村小寨或住宅，把锅盆桶具，尤其是圆形的器皿当成玩具，玩耍后弃置山野。
串入山村小寨或住宅,住宅,RELATED_TO,D:\anyclaw\docs\熊猫知识\【熊猫知识】行为特点 - 成都大熊猫繁育研究基地.md,熊猫有时还下到山谷，串入到山村小寨或住宅，把锅盆桶具，尤其是圆形的器皿当成玩具，玩耍后弃置山野。
大熊猫,玩耍（圆形器皿）,RELATED_TO,D:\anyclaw\docs\熊猫知识\【熊猫知识】行为特点 - 成都大熊猫繁育研究基地.md,熊猫有时还下到山谷，串入到山村小寨或住宅，把锅盆桶具，尤其是圆形的器皿当成玩具，玩耍后弃置山野。
大熊猫,与家畜亲善（同吃同住）,RELATED_TO,D:\anyclaw\docs\熊猫知识\【熊猫知识】行为特点 - 成都大熊猫繁育研究基地.md,有时它们还和羊、猪等家养的牲畜亲善，随着同吃同住。
与家畜亲善（同吃同住）,羊,RELATED_TO,D:\anyclaw\docs\熊猫知识\【熊猫知识】行为特点 - 成都大熊猫繁育研究基地.md,有时它们还和羊、猪等家养的牲畜亲善，随着同吃同住。
与家畜亲善（同吃同住）,猪,RELATED_TO,D:\anyclaw\docs\熊猫知识\【熊猫知识】行为特点 - 成都大熊猫繁育研究基地.md,有时它们还和羊、猪等家养的牲畜亲善，随着同吃同住。
大熊猫,温顺,RELATED_TO,D:\anyclaw\docs\熊猫知识\【熊猫知识】行为特点 - 成都大熊猫繁育研究基地.md,通常情况下，大熊猫性情总是十分温顺，好似闺阁深院的淑女，初次见人，常用前掌蒙面，或把头低下，不露真容。
大熊猫,蒙面前掌,RELATED_TO,D:\anyclaw\docs\熊猫知识\【熊猫知识】行为特点 - 成都大熊猫繁育研究基地.md,通常情况下，大熊猫性情总是十分温顺，好似闺阁深院的淑女，初次见人，常用前掌蒙面，或把头低下，不露真容。
大熊猫,低头不露真容,RELATED_TO,D:\anyclaw\docs\熊猫知识\【熊猫知识】行为特点 - 成都大熊猫繁育研究基地.md,通常情况下，大熊猫性情总是十分温顺，好似闺阁深院的淑女，初次见人，常用前掌蒙面，或把头低下，不露真容。
大熊猫,回避,RELATED_TO,D:\anyclaw\docs\熊猫知识\【熊猫知识】行为特点 - 成都大熊猫繁育研究基地.md,它们很少主动地攻击其他动物或人，在野外偶然相遇时，总是采用回避的方式。
回避,野外,RELATED_TO,D:\anyclaw\docs\熊猫知识\【熊猫知识】行为特点 - 成都大熊猫繁育研究基地.md,它们很少主动地攻击其他动物或人，在野外偶然相遇时，总是采用回避的方式。
大熊猫,护幼（母亲保护幼崽）,RELATED_TO,D:\anyclaw\docs\熊猫知识\【熊猫知识】行为特点 - 成都大熊猫繁育研究基地.md,但一但当上了妈妈，其小宝贝就是神圣不可侵犯的，即便是关怀看望，也会惹怒母亲大动肝火，张牙舞爪，动手动脚。
大熊猫,修饰,RELATED_TO,D:\anyclaw\docs\熊猫知识\【熊猫知识】行为特点 - 成都大熊猫繁育研究基地.md,有时它们还爱作一些修饰及其他一些求适活动。可以象猫一样把身体伸直，前身伸展，后半身抬起，让身躯灵活舒展，或睡醒以后，前肢直伸打哈欠。如果被水沾湿或过河涉水后，也可以象狗一样把身上的水抖掉。
大熊猫,求适活动,RELATED_TO,D:\anyclaw\docs\熊猫知识\【熊猫知识】行为特点 - 成都大熊猫繁育研究基地.md,有时它们还爱作一些修饰及其他一些求适活动。可以象猫一样把身体伸直，前身伸展，后半身抬起，让身躯灵活舒展，或睡醒以后，前肢直伸打哈欠。如果被水沾湿或过河涉水后，也可以象狗一样把身上的水抖掉。
求适活动,伸展,RELATED_TO,D:\anyclaw\docs\熊猫知识\【熊猫知识】行为特点 - 成都大熊猫繁育研究基地.md,有时它们还爱作一些修饰及其他一些求适活动。可以象猫一样把身体伸直，前身伸展，后半身抬起，让身躯灵活舒展，或睡醒以后，前肢直伸打哈欠。如果被水沾湿或过河涉水后，也可以象狗一样把身上的水抖掉。
求适活动,打哈欠,RELATED_TO,D:\anyclaw\docs\熊猫知识\【熊猫知识】行为特点 - 成都大熊猫繁育研究基地.md,有时它们还爱作一些修饰及其他一些求适活动。可以象猫一样把身体伸直，前身伸展，后半身抬起，让身躯灵活舒展，或睡醒以后，前肢直伸打哈欠。如果被水沾湿或过河涉水后，也可以象狗一样把身上的水抖掉。
求适活动,抖水,RELATED_TO,D:\anyclaw\docs\熊猫知识\【熊猫知识】行为特点 - 成都大熊猫繁育研究基地.md,有时它们还爱作一些修饰及其他一些求适活动。可以象猫一样把身体伸直，前身伸展，后半身抬起，让身躯灵活舒展，或睡醒以后，前肢直伸打哈欠。如果被水沾湿或过河涉水后，也可以象狗一样把身上的水抖掉。
大熊猫,发生冲突（发情季节）,RELATED_TO,D:\anyclaw\docs\熊猫知识\【熊猫知识】行为特点 - 成都大熊猫繁育研究基地.md,在野外，大熊猫通常在发情季节发生冲突，特别是当三到四只雄性追求一只发情的雌性时。
发生冲突（发情季节）,野外,RELATED_TO,D:\anyclaw\docs\熊猫知识\【熊猫知识】行为特点 - 成都大熊猫繁育研究基地.md,在野外，大熊猫通常在发情季节发生冲突，特别是当三到四只雄性追求一只发情的雌性时。
大熊猫,争斗（因水、食物、地盘）,RELATED_TO,D:\anyclaw\docs\熊猫知识\【熊猫知识】行为特点 - 成都大熊猫繁育研究基地.md,在动物园，它们的争斗通常是因为水，食物或某只大熊猫占据了好的地盘。
争斗（因水、食物、地盘）,动物园,RELATED_TO,D:\anyclaw\docs\熊猫知识\【熊猫知识】行为特点 - 成都大熊猫繁育研究基地.md,在动物园，它们的争斗通常是因为水，食物或某只大熊猫占据了好的地盘。
佳佳,1978年,RELATED_TO,D:\anyclaw\docs\熊猫知识\【熊猫知识】认识大熊猫 - 成都大熊猫繁育研究基地.md,香港海洋公园的佳佳，出生于1978年，是目前全世界最长寿的大熊猫。
大熊猫,800万年,RELATED_TO,D:\anyclaw\docs\熊猫知识\【熊猫知识】认识大熊猫 - 成都大熊猫繁育研究基地.md,大熊猫已在地球上生存了至少800万年
大熊猫,竹笋,RELATED_TO,D:\anyclaw\docs\熊猫知识\【熊猫知识】进食 - 成都大熊猫繁育研究基地.md,它们不但选择区域内营养价值最好的竹子种类，而且还优先选择营养价值最高的部位。优选采食的顺序为竹笋，嫩竹，竹竿。
大熊猫,嫩竹,RELATED_TO,D:\anyclaw\docs\熊猫知识\【熊猫知识】进食 - 成都大熊猫繁育研究基地.md,它们不但选择区域内营养价值最好的竹子种类，而且还优先选择营养价值最高的部位。优选采食的顺序为竹笋，嫩竹，竹竿。
大熊猫,竹秆,RELATED_TO,D:\anyclaw\docs\熊猫知识\【熊猫知识】进食 - 成都大熊猫繁育研究基地.md,它们不但选择区域内营养价值最好的竹子种类，而且还优先选择营养价值最高的部位。优选采食的顺序为竹笋，嫩竹，竹竿。
大熊猫,高山,RELATED_TO,D:\anyclaw\docs\熊猫知识\【熊猫知识】进食 - 成都大熊猫繁育研究基地.md,随着气候和食物分布的变化，大熊猫还有垂直迁移习性，夏季上移高山、撵笋觅食，秋冬高山积雪则下移到中低山地区。
大熊猫,中低山地区,RELATED_TO,D:\anyclaw\docs\熊猫知识\【熊猫知识】进食 - 成都大熊猫繁育研究基地.md,随着气候和食物分布的变化，大熊猫还有垂直迁移习性，夏季上移高山、撵笋觅食，秋冬高山积雪则下移到中低山地区。
大熊猫,进食,RELATED_TO,D:\anyclaw\docs\熊猫知识\【熊猫知识】进食 - 成都大熊猫繁育研究基地.md,大熊猫将绝大部分的时间都花在进食和消化上，每天花10多个小时或更多时间来进食大约20公斤竹子并不稀奇。
大熊猫,消化,RELATED_TO,D:\anyclaw\docs\熊猫知识\【熊猫知识】进食 - 成都大熊猫繁育研究基地.md,大熊猫将绝大部分的时间都花在进食和消化上，每天花10多个小时或更多时间来进食大约20公斤竹子并不稀奇。
大熊猫,大量进食,RELATED_TO,D:\anyclaw\docs\熊猫知识\【熊猫知识】进食 - 成都大熊猫繁育研究基地.md,采取大量进食、快速排出的方式，来保证它们吃得更多，获得足够能量以满足其需求。
大熊猫,快速排出,RELATED_TO,D:\anyclaw\docs\熊猫知识\【熊猫知识】进食 - 成都大熊猫繁育研究基地.md,采取大量进食、快速排出的方式，来保证它们吃得更多，获得足够能量以满足其需求。
夏季,撵笋觅食,RELATED_TO,D:\anyclaw\docs\熊猫知识\【熊猫知识】进食 - 成都大熊猫繁育研究基地.md,夏季上移高山、撵笋觅食
秋冬,下移到中低山地区,RELATED_TO,D:\anyclaw\docs\熊猫知识\【熊猫知识】进食 - 成都大熊猫繁育研究基地.md,秋冬高山积雪则下移到中低山地区。
大熊猫,金猫,RELATED_TO,D:\anyclaw\docs\熊猫知识\【熊猫知识】野外天敌 - 成都大熊猫繁育研究基地.md,尽管大熊猫与世无争，但在它的栖息领域里，还是有一些与它们为敌的动物，如金猫、豹、豺、狼、黄喉貂等，但是它们主要是袭击大熊猫的幼仔和病弱年老者
大熊猫,豹,RELATED_TO,D:\anyclaw\docs\熊猫知识\【熊猫知识】野外天敌 - 成都大熊猫繁育研究基地.md,尽管大熊猫与世无争，但在它的栖息领域里，还是有一些与它们为敌的动物，如金猫、豹、豺、狼、黄喉貂等，但是它们主要是袭击大熊猫的幼仔和病弱年老者
大熊猫,豺,RELATED_TO,D:\anyclaw\docs\熊猫知识\【熊猫知识】野外天敌 - 成都大熊猫繁育研究基地.md,尽管大熊猫与世无争，但在它的栖息领域里，还是有一些与它们为敌的动物，如金猫、豹、豺、狼、黄喉貂等，但是它们主要是袭击大熊猫的幼仔和病弱年老者
大熊猫,狼,RELATED_TO,D:\anyclaw\docs\熊猫知识\【熊猫知识】野外天敌 - 成都大熊猫繁育研究基地.md,尽管大熊猫与世无争，但在它的栖息领域里，还是有一些与它们为敌的动物，如金猫、豹、豺、狼、黄喉貂等，但是它们主要是袭击大熊猫的幼仔和病弱年老者
大熊猫,黄喉貂,RELATED_TO,D:\anyclaw\docs\熊猫知识\【熊猫知识】野外天敌 - 成都大熊猫繁育研究基地.md,尽管大熊猫与世无争，但在它的栖息领域里，还是有一些与它们为敌的动物，如金猫、豹、豺、狼、黄喉貂等，但是它们主要是袭击大熊猫的幼仔和病弱年老者
豺,少年大熊猫,RELATED_TO,D:\anyclaw\docs\熊猫知识\【熊猫知识】野外天敌 - 成都大熊猫繁育研究基地.md,豺：主要袭击少年大熊猫或病弱老年个体。
豺,病弱老年个体,RELATED_TO,D:\anyclaw\docs\熊猫知识\【熊猫知识】野外天敌 - 成都大熊猫繁育研究基地.md,豺：主要袭击少年大熊猫或病弱老年个体。
豹,少年大熊猫,RELATED_TO,D:\anyclaw\docs\熊猫知识\【熊猫知识】野外天敌 - 成都大熊猫繁育研究基地.md,豹：袭击少年大熊猫及年老病弱个体。
豹,年老病弱个体,RELATED_TO,D:\anyclaw\docs\熊猫知识\【熊猫知识】野外天敌 - 成都大熊猫繁育研究基地.md,豹：袭击少年大熊猫及年老病弱个体。
金猫,大熊猫幼仔,RELATED_TO,D:\anyclaw\docs\熊猫知识\【熊猫知识】野外天敌 - 成都大熊猫繁育研究基地.md,金猫：常袭击大熊猫幼仔。
大熊猫,黄喉貂,RELATED_TO,D:\anyclaw\docs\熊猫知识\【熊猫知识】野外天敌 - 成都大熊猫繁育研究基地.md,野外天敌-黄喉貂
大熊猫,竹类植物,RELATED_TO,D:\anyclaw\docs\熊猫知识\【熊猫知识】食物 - 成都大熊猫繁育研究基地.md,竹类是大熊猫生长发育、身体健康和正常繁育的关键所在。大熊猫99%的食物都是竹子，可供大熊猫食用的竹类植物共有12属、60多种。
大熊猫,竹子,RELATED_TO,D:\anyclaw\docs\熊猫知识\【熊猫知识】食物 - 成都大熊猫繁育研究基地.md,大熊猫99%的食物都是竹子，可供大熊猫食用的竹类植物共有12属、60多种。
大熊猫,冷箭竹,RELATED_TO,D:\anyclaw\docs\熊猫知识\【熊猫知识】食物 - 成都大熊猫繁育研究基地.md,野外大熊猫常见的食用竹种类包括：冷箭竹、八月竹、实竹子、筇竹、大叶筇竹、箬竹、少花箭竹、短锥玉山竹、北背玉山竹、峨热竹、巴山木竹、糙花箭竹、缺苞箭竹、华桔竹等。
大熊猫,八月竹,RELATED_TO,D:\anyclaw\docs\熊猫知识\【熊猫知识】食物 - 成都大熊猫繁育研究基地.md,野外大熊猫常见的食用竹种类包括：冷箭竹、八月竹、实竹子、筇竹、大叶筇竹、箬竹、少花箭竹、短锥玉山竹、北背玉山竹、峨热竹、巴山木竹、糙花箭竹、缺苞箭竹、华桔竹等。
大熊猫,实竹子,RELATED_TO,D:\anyclaw\docs\熊猫知识\【熊猫知识】食物 - 成都大熊猫繁育研究基地.md,野外大熊猫常见的食用竹种类包括：冷箭竹、八月竹、实竹子、筇竹、大叶筇竹、箬竹、少花箭竹、短锥玉山竹、北背玉山竹、峨热竹、巴山木竹、糙花箭竹、缺苞箭竹、华桔竹等。
大熊猫,筇竹,RELATED_TO,D:\anyclaw\docs\熊猫知识\【熊猫知识】食物 - 成都大熊猫繁育研究基地.md,野外大熊猫常见的食用竹种类包括：冷箭竹、八月竹、实竹子、筇竹、大叶筇竹、箬竹、少花箭竹、短锥玉山竹、北背玉山竹、峨热竹、巴山木竹、糙花箭竹、缺苞箭竹、华桔竹等。
大熊猫,大叶筇竹,RELATED_TO,D:\anyclaw\docs\熊猫知识\【熊猫知识】食物 - 成都大熊猫繁育研究基地.md,野外大熊猫常见的食用竹种类包括：冷箭竹、八月竹、实竹子、筇竹、大叶筇竹、箬竹、少花箭竹、短锥玉山竹、北背玉山竹、峨热竹、巴山木竹、糙花箭竹、缺苞箭竹、华桔竹等。
大熊猫,箬竹,RELATED_TO,D:\anyclaw\docs\熊猫知识\【熊猫知识】食物 - 成都大熊猫繁育研究基地.md,野外大熊猫常见的食用竹种类包括：冷箭竹、八月竹、实竹子、筇竹、大叶筇竹、箬竹、少花箭竹、短锥玉山竹、北背玉山竹、峨热竹、巴山木竹、糙花箭竹、缺苞箭竹、华桔竹等。
大熊猫,少花箭竹,RELATED_TO,D:\anyclaw\docs\熊猫知识\【熊猫知识】食物 - 成都大熊猫繁育研究基地.md,野外大熊猫常见的食用竹种类包括：冷箭竹、八月竹、实竹子、筇竹、大叶筇竹、箬竹、少花箭竹、短锥玉山竹、北背玉山竹、峨热竹、巴山木竹、糙花箭竹、缺苞箭竹、华桔竹等。
大熊猫,短锥玉山竹,RELATED_TO,D:\anyclaw\docs\熊猫知识\【熊猫知识】食物 - 成都大熊猫繁育研究基地.md,野外大熊猫常见的食用竹种类包括：冷箭竹、八月竹、实竹子、筇竹、大叶筇竹、箬竹、少花箭竹、短锥玉山竹、北背玉山竹、峨热竹、巴山木竹、糙花箭竹、缺苞箭竹、华桔竹等。
大熊猫,北背玉山竹,RELATED_TO,D:\anyclaw\docs\熊猫知识\【熊猫知识】食物 - 成都大熊猫繁育研究基地.md,野外大熊猫常见的食用竹种类包括：冷箭竹、八月竹、实竹子、筇竹、大叶筇竹、箬竹、少花箭竹、短锥玉山竹、北背玉山竹、峨热竹、巴山木竹、糙花箭竹、缺苞箭竹、华桔竹等。
大熊猫,峨热竹,RELATED_TO,D:\anyclaw\docs\熊猫知识\【熊猫知识】食物 - 成都大熊猫繁育研究基地.md,野外大熊猫常见的食用竹种类包括：冷箭竹、八月竹、实竹子、筇竹、大叶筇竹、箬竹、少花箭竹、短锥玉山竹、北背玉山竹、峨热竹、巴山木竹、糙花箭竹、缺苞箭竹、华桔竹等。
大熊猫,巴山木竹,RELATED_TO,D:\anyclaw\docs\熊猫知识\【熊猫知识】食物 - 成都大熊猫繁育研究基地.md,野外大熊猫常见的食用竹种类包括：冷箭竹、八月竹、实竹子、筇竹、大叶筇竹、箬竹、少花箭竹、短锥玉山竹、北背玉山竹、峨热竹、巴山木竹、糙花箭竹、缺苞箭竹、华桔竹等。
大熊猫,糙花箭竹,RELATED_TO,D:\anyclaw\docs\熊猫知识\【熊猫知识】食物 - 成都大熊猫繁育研究基地.md,野外大熊猫常见的食用竹种类包括：冷箭竹、八月竹、实竹子、筇竹、大叶筇竹、箬竹、少花箭竹、短锥玉山竹、北背玉山竹、峨热竹、巴山木竹、糙花箭竹、缺苞箭竹、华桔竹等。
大熊猫,缺苞箭竹,RELATED_TO,D:\anyclaw\docs\熊猫知识\【熊猫知识】食物 - 成都大熊猫繁育研究基地.md,野外大熊猫常见的食用竹种类包括：冷箭竹、八月竹、实竹子、筇竹、大叶筇竹、箬竹、少花箭竹、短锥玉山竹、北背玉山竹、峨热竹、巴山木竹、糙花箭竹、缺苞箭竹、华桔竹等。
大熊猫,华桔竹,RELATED_TO,D:\anyclaw\docs\熊猫知识\【熊猫知识】食物 - 成都大熊猫繁育研究基地.md,野外大熊猫常见的食用竹种类包括：冷箭竹、八月竹、实竹子、筇竹、大叶筇竹、箬竹、少花箭竹、短锥玉山竹、北背玉山竹、峨热竹、巴山木竹、糙花箭竹、缺苞箭竹、华桔竹等。
大熊猫食用的竹类,亚高山暗针叶林,RELATED_TO,D:\anyclaw\docs\熊猫知识\【熊猫知识】食物 - 成都大熊猫繁育研究基地.md,这些竹子长期生长在亚高山暗针叶林、山地暗针叶林、山地针阔叶混交林及山地常绿阔叶林的林冠下，分布海拔从700m到3500m不等。
大熊猫食用的竹类,山地暗针叶林,RELATED_TO,D:\anyclaw\docs\熊猫知识\【熊猫知识】食物 - 成都大熊猫繁育研究基地.md,这些竹子长期生长在亚高山暗针叶林、山地暗针叶林、山地针阔叶混交林及山地常绿阔叶林的林冠下，分布海拔从700m到3500m不等。
大熊猫食用的竹类,山地针阔叶混交林,RELATED_TO,D:\anyclaw\docs\熊猫知识\【熊猫知识】食物 - 成都大熊猫繁育研究基地.md,这些竹子长期生长在亚高山暗针叶林、山地暗针叶林、山地针阔叶混交林及山地常绿阔叶林的林冠下，分布海拔从700m到3500m不等。
大熊猫食用的竹类,山地常绿阔叶林,RELATED_TO,D:\anyclaw\docs\熊猫知识\【熊猫知识】食物 - 成都大熊猫繁育研究基地.md,这些竹子长期生长在亚高山暗针叶林、山地暗针叶林、山地针阔叶混交林及山地常绿阔叶林的林冠下，分布海拔从700m到3500m不等。
大熊猫,竹笋,RELATED_TO,D:\anyclaw\docs\熊猫知识\【熊猫知识】食物 - 成都大熊猫繁育研究基地.md,大熊猫的食谱随山系和季节而有变化，在不同的季节采食不同种类的竹子或同种竹子的不同部位。春夏季最爱吃不同种类的竹笋，秋季多以竹叶为主食，冬季以竹竿为主食。
大熊猫,竹叶,RELATED_TO,D:\anyclaw\docs\熊猫知识\【熊猫知识】食物 - 成都大熊猫繁育研究基地.md,大熊猫的食谱随山系和季节而有变化，在不同的季节采食不同种类的竹子或同种竹子的不同部位。春夏季最爱吃不同种类的竹笋，秋季多以竹叶为主食，冬季以竹竿为主食。
大熊猫,竹竿,RELATED_TO,D:\anyclaw\docs\熊猫知识\【熊猫知识】食物 - 成都大熊猫繁育研究基地.md,大熊猫的食谱随山系和季节而有变化，在不同的季节采食不同种类的竹子或同种竹子的不同部位。春夏季最爱吃不同种类的竹笋，秋季多以竹叶为主食，冬季以竹竿为主食。
大熊猫,动物尸体,RELATED_TO,D:\anyclaw\docs\熊猫知识\【熊猫知识】食物 - 成都大熊猫繁育研究基地.md,野生大熊猫还偶食一些动物尸体或其它植物、蜂蜜等。
大熊猫,其它植物,RELATED_TO,D:\anyclaw\docs\熊猫知识\【熊猫知识】食物 - 成都大熊猫繁育研究基地.md,野生大熊猫还偶食一些动物尸体或其它植物、蜂蜜等。
大熊猫,蜂蜜,RELATED_TO,D:\anyclaw\docs\熊猫知识\【熊猫知识】食物 - 成都大熊猫繁育研究基地.md,野生大熊猫还偶食一些动物尸体或其它植物、蜂蜜等。
大熊猫,巴山木竹,RELATED_TO,D:\anyclaw\docs\熊猫知识\【熊猫知识】食物 - 成都大熊猫繁育研究基地.md,圈养大熊猫主要以某一种或几种低山平坝竹为主食，如巴山木竹、刺竹、白夹竹、箬叶竹、淡竹、苦竹、阔叶箬竹、毛竹又名孟宗竹、冷箭竹、拐棍竹、矢竹、三月竹笋、方竹笋等。
大熊猫,刺竹,RELATED_TO,D:\anyclaw\docs\熊猫知识\【熊猫知识】食物 - 成都大熊猫繁育研究基地.md,圈养大熊猫主要以某一种或几种低山平坝竹为主食，如巴山木竹、刺竹、白夹竹、箬叶竹、淡竹、苦竹、阔叶箬竹、毛竹又名孟宗竹、冷箭竹、拐棍竹、矢竹、三月竹笋、方竹笋等。
大熊猫,白夹竹,RELATED_TO,D:\anyclaw\docs\熊猫知识\【熊猫知识】食物 - 成都大熊猫繁育研究基地.md,圈养大熊猫主要以某一种或几种低山平坝竹为主食，如巴山木竹、刺竹、白夹竹、箬叶竹、淡竹、苦竹、阔叶箬竹、毛竹又名孟宗竹、冷箭竹、拐棍竹、矢竹、三月竹笋、方竹笋等。
大熊猫,箬叶竹,RELATED_TO,D:\anyclaw\docs\熊猫知识\【熊猫知识】食物 - 成都大熊猫繁育研究基地.md,圈养大熊猫主要以某一种或几种低山平坝竹为主食，如巴山木竹、刺竹、白夹竹、箬叶竹、淡竹、苦竹、阔叶箬竹、毛竹又名孟宗竹、冷箭竹、拐棍竹、矢竹、三月竹笋、方竹笋等。
大熊猫,淡竹,RELATED_TO,D:\anyclaw\docs\熊猫知识\【熊猫知识】食物 - 成都大熊猫繁育研究基地.md,圈养大熊猫主要以某一种或几种低山平坝竹为主食，如巴山木竹、刺竹、白夹竹、箬叶竹、淡竹、苦竹、阔叶箬竹、毛竹又名孟宗竹、冷箭竹、拐棍竹、矢竹、三月竹笋、方竹笋等。
大熊猫,苦竹,RELATED_TO,D:\anyclaw\docs\熊猫知识\【熊猫知识】食物 - 成都大熊猫繁育研究基地.md,圈养大熊猫主要以某一种或几种低山平坝竹为主食，如巴山木竹、刺竹、白夹竹、箬叶竹、淡竹、苦竹、阔叶箬竹、毛竹又名孟宗竹、冷箭竹、拐棍竹、矢竹、三月竹笋、方竹笋等。
大熊猫,阔叶箬竹,RELATED_TO,D:\anyclaw\docs\熊猫知识\【熊猫知识】食物 - 成都大熊猫繁育研究基地.md,圈养大熊猫主要以某一种或几种低山平坝竹为主食，如巴山木竹、刺竹、白夹竹、箬叶竹、淡竹、苦竹、阔叶箬竹、毛竹又名孟宗竹、冷箭竹、拐棍竹、矢竹、三月竹笋、方竹笋等。
大熊猫,毛竹（孟宗竹）,RELATED_TO,D:\anyclaw\docs\熊猫知识\【熊猫知识】食物 - 成都大熊猫繁育研究基地.md,圈养大熊猫主要以某一种或几种低山平坝竹为主食，如巴山木竹、刺竹、白夹竹、箬叶竹、淡竹、苦竹、阔叶箬竹、毛竹又名孟宗竹、冷箭竹、拐棍竹、矢竹、三月竹笋、方竹笋等。
大熊猫,拐棍竹,RELATED_TO,D:\anyclaw\docs\熊猫知识\【熊猫知识】食物 - 成都大熊猫繁育研究基地.md,圈养大熊猫主要以某一种或几种低山平坝竹为主食，如巴山木竹、刺竹、白夹竹、箬叶竹、淡竹、苦竹、阔叶箬竹、毛竹又名孟宗竹、冷箭竹、拐棍竹、矢竹、三月竹笋、方竹笋等。
大熊猫,矢竹,RELATED_TO,D:\anyclaw\docs\熊猫知识\【熊猫知识】食物 - 成都大熊猫繁育研究基地.md,圈养大熊猫主要以某一种或几种低山平坝竹为主食，如巴山木竹、刺竹、白夹竹、箬叶竹、淡竹、苦竹、阔叶箬竹、毛竹又名孟宗竹、冷箭竹、拐棍竹、矢竹、三月竹笋、方竹笋等。
大熊猫,三月竹笋,RELATED_TO,D:\anyclaw\docs\熊猫知识\【熊猫知识】食物 - 成都大熊猫繁育研究基地.md,圈养大熊猫主要以某一种或几种低山平坝竹为主食，如巴山木竹、刺竹、白夹竹、箬叶竹、淡竹、苦竹、阔叶箬竹、毛竹又名孟宗竹、冷箭竹、拐棍竹、矢竹、三月竹笋、方竹笋等。
大熊猫,方竹笋,RELATED_TO,D:\anyclaw\docs\熊猫知识\【熊猫知识】食物 - 成都大熊猫繁育研究基地.md,圈养大熊猫主要以某一种或几种低山平坝竹为主食，如巴山木竹、刺竹、白夹竹、箬叶竹、淡竹、苦竹、阔叶箬竹、毛竹又名孟宗竹、冷箭竹、拐棍竹、矢竹、三月竹笋、方竹笋等。
大熊猫,精饲料,RELATED_TO,D:\anyclaw\docs\熊猫知识\【熊猫知识】食物 - 成都大熊猫繁育研究基地.md,圈养大熊猫除了主要采食竹类外，还可获得少量的以谷物类为主所调制的精饲料、水果以及维生素和微量元素。
大熊猫,水果,RELATED_TO,D:\anyclaw\docs\熊猫知识\【熊猫知识】食物 - 成都大熊猫繁育研究基地.md,圈养大熊猫除了主要采食竹类外，还可获得少量的以谷物类为主所调制的精饲料、水果以及维生素和微量元素。
大熊猫,维生素,RELATED_TO,D:\anyclaw\docs\熊猫知识\【熊猫知识】食物 - 成都大熊猫繁育研究基地.md,圈养大熊猫除了主要采食竹类外，还可获得少量的以谷物类为主所调制的精饲料、水果以及维生素和微量元素。
大熊猫,微量元素,RELATED_TO,D:\anyclaw\docs\熊猫知识\【熊猫知识】食物 - 成都大熊猫繁育研究基地.md,圈养大熊猫除了主要采食竹类外，还可获得少量的以谷物类为主所调制的精饲料、水果以及维生素和微量元素。
精饲料,玉米,RELATED_TO,D:\anyclaw\docs\熊猫知识\【熊猫知识】食物 - 成都大熊猫繁育研究基地.md,精饲料主要原料包括玉米、大豆、大米、小麦等。
精饲料,大豆,RELATED_TO,D:\anyclaw\docs\熊猫知识\【熊猫知识】食物 - 成都大熊猫繁育研究基地.md,精饲料主要原料包括玉米、大豆、大米、小麦等。
精饲料,大米,RELATED_TO,D:\anyclaw\docs\熊猫知识\【熊猫知识】食物 - 成都大熊猫繁育研究基地.md,精饲料主要原料包括玉米、大豆、大米、小麦等。
精饲料,小麦,RELATED_TO,D:\anyclaw\docs\熊猫知识\【熊猫知识】食物 - 成都大熊猫繁育研究基地.md,精饲料主要原料包括玉米、大豆、大米、小麦等。
